<?xml version="1.0" encoding="UTF-8" standalone="no"?>
<project default="create_run_jar" name="Create Runnable Jar for Project nlp_project">
    <!--this file was created by Eclipse Runnable JAR Export Wizard-->
    <!--ANT 1.7 is required                                        -->
    <target name="create_run_jar">
        <jar destfile="cleaner.jar" filesetmanifest="mergewithoutmain">
            <manifest>
                <attribute name="Main-Class" value="sentence_truncate.Truncate"/>
                <attribute name="Class-Path" value="."/>
            </manifest>
            <fileset dir="bin"/>
            <zipfileset excludes="META-INF/*.SF" src="libs/guava-17.0.jar"/>
            <zipfileset excludes="META-INF/*.SF" src="libs/jcommander-1.30.jar"/>
            <zipfileset excludes="META-INF/*.SF" src="libs/log4j-1.2.17.jar"/>
            <zipfileset excludes="META-INF/*.SF" src="libs/stanford-postagger.jar"/>
        </jar>
    </target>
</project>
